{
  "best_val_mpjpe": 202.45157153320312,
  "final_val_mpjpe": 203.01088391113282,
  "final_val_mpjpe_mm": 203010.8839111328
}