{
  "best_val_mpjpe": 205.2308426513672,
  "final_val_mpjpe": 206.37416003417968,
  "final_val_mpjpe_mm": 206374.1600341797
}