{
  "best_val_mpjpe": 203.6262606201172,
  "final_val_mpjpe": 204.4504715576172,
  "final_val_mpjpe_mm": 204450.4715576172
}