{
  "best_val_mpjpe": 203.72909594726562,
  "final_val_mpjpe": 203.98891162109376,
  "final_val_mpjpe_mm": 203988.91162109375
}