{
  "best_val_mpjpe": 200.90493408203125,
  "final_val_mpjpe": 200.90493408203125,
  "final_val_mpjpe_mm": 200904.93408203125
}