{
  "best_val_mpjpe": 206.5751201171875,
  "final_val_mpjpe": 207.55848657226562,
  "final_val_mpjpe_mm": 207558.48657226562
}