{
  "best_val_mpjpe": 200.68141418457031,
  "final_val_mpjpe": 200.68141418457031,
  "final_val_mpjpe_mm": 200681.4141845703
}