{
  "best_val_mpjpe": 203.005802734375,
  "final_val_mpjpe": 204.14400231933593,
  "final_val_mpjpe_mm": 204144.00231933594
}