{
  "best_val_mpjpe": 202.12014611816406,
  "final_val_mpjpe": 202.12014611816406,
  "final_val_mpjpe_mm": 202120.14611816406
}