{
  "best_val_mpjpe": 203.18380883789064,
  "final_val_mpjpe": 203.18380883789064,
  "final_val_mpjpe_mm": 203183.80883789062
}