{
  "best_val_mpjpe": 204.1596650390625,
  "final_val_mpjpe": 204.22885473632812,
  "final_val_mpjpe_mm": 204228.85473632812
}