{
  "best_val_mpjpe": 204.8474815673828,
  "final_val_mpjpe": 205.93712194824218,
  "final_val_mpjpe_mm": 205937.1219482422
}