{
  "best_val_mpjpe": 209.61748474121094,
  "final_val_mpjpe": 210.4690234375,
  "final_val_mpjpe_mm": 210469.0234375
}