{
  "best_val_mpjpe": 203.14789404296874,
  "final_val_mpjpe": 204.80670324707032,
  "final_val_mpjpe_mm": 204806.7032470703
}