{
  "best_val_mpjpe": 202.82961755371093,
  "final_val_mpjpe": 203.65793225097656,
  "final_val_mpjpe_mm": 203657.93225097656
}