{
  "best_val_mpjpe": 206.93771655273437,
  "final_val_mpjpe": 206.93771655273437,
  "final_val_mpjpe_mm": 206937.71655273438
}