{
  "best_val_mpjpe": 203.24825207519532,
  "final_val_mpjpe": 203.24825207519532,
  "final_val_mpjpe_mm": 203248.2520751953
}