{
  "best_val_mpjpe": 202.52058178710936,
  "final_val_mpjpe": 203.0790350341797,
  "final_val_mpjpe_mm": 203079.0350341797
}