{
  "best_val_mpjpe": 200.945412109375,
  "final_val_mpjpe": 202.0866590576172,
  "final_val_mpjpe_mm": 202086.6590576172
}