{
  "best_val_mpjpe": 201.47450231933593,
  "final_val_mpjpe": 202.56763549804688,
  "final_val_mpjpe_mm": 202567.63549804688
}