{
  "best_val_mpjpe": 201.3565018310547,
  "final_val_mpjpe": 201.95175927734374,
  "final_val_mpjpe_mm": 201951.75927734375
}