{
  "best_val_mpjpe": 202.31524780273438,
  "final_val_mpjpe": 202.74015258789063,
  "final_val_mpjpe_mm": 202740.15258789062
}