{
  "best_val_mpjpe": 207.5023406982422,
  "final_val_mpjpe": 208.55133227539062,
  "final_val_mpjpe_mm": 208551.33227539062
}